Workbook

Sheet Sheet1
A1: Medicine | B1: Category | C1: stock | D1: Price | E1: Expiry | F1: Supplier | G1: Inventory Value | H1: Low Stock | I1: Total stock | J1: Total Medicine | K1: Category-wise stock | L1: Supplier-Wise Inventory Value | M1: Average Price | N1: Highest Price | O1: Lowest price | P1: Expiry Status | Q1: Supplier | R1: Location | S1: Supplier Location
A2: Paracetamol | B2: Painkiller | C2: 120 | D2: 25 | E2: 15-06-2027 | F2: ABC Pharma | G2: =C2*D2 -> 3000 | H2: =IF(C2<50,"Low stock","Normal") -> Normal | I2: =SUM(C2:C21) -> 1430 | J2: =COUNT(C2:C21) -> 20 | K2: =SUMIF(B2:B21,"Antibiotic",C2:C21) -> 142 | L2: =SUMIF(F2:F21,"ABC Pharma",G2:G21) -> 21055 | M2: =AVERAGE(D2:D21) -> 67.5 | N2: =MAX(D2:D21) -> 120 | O2: =MIN(D2:D21) -> 25 | P2: =IF(E2<TODAY(),"Expired",IF(E2<=TODAY()+90,"Near Expiry","Safe")) -> Safe | Q2: ABC Pharma | R2: Raipur | S2: =VLOOKUP(F2,$Q$2:$R$6,2,FALSE) -> Raipur
A3: Amoxicilin | B3: Antibiotic | C3: 45 | D3: 85 | E3: 20-12-2026 | F3: MedCare | G3: =C3*D3 -> 3825 | H3: =IF(C3<50,"Low stock","Normal") -> Low stock | P3: =IF(E3<TODAY(),"Expired",IF(E3<=TODAY()+90,"Near Expiry","Safe")) -> Safe | Q3: MedCare | R3: Bhilai | S3: =VLOOKUP(F3,$Q$2:$R$6,2,FALSE) -> Bhilai
A4: Cetirizine | B4: Allergy | C4: 80 | D4: 40 | E4: 46662 | F4: HealthPlus | G4: =C4*D4 -> 3200 | H4: =IF(C4<50,"Low stock","Normal") -> Normal | P4: =IF(E4<TODAY(),"Expired",IF(E4<=TODAY()+90,"Near Expiry","Safe")) -> Safe | Q4: HealthPlus | R4: Durg | S4: =VLOOKUP(F4,$Q$2:$R$6,2,FALSE) -> Durg
A5: Azithromycin | B5: Antibiotic | C5: 30 | D5: 110 | E5: 46153 | F5: ABC Pharma | G5: =C5*D5 -> 3300 | H5: =IF(C5<50,"Low stock","Normal") -> Low stock | P5: =IF(E5<TODAY(),"Expired",IF(E5<=TODAY()+90,"Near Expiry","Safe")) -> Expired | Q5: LifeCare | R5: Bilaspur | S5: =VLOOKUP(F5,$Q$2:$R$6,2,FALSE) -> Raipur
A6: Pantoprazole | B6: GI | C6: 150 | D6: 65 | E6: 25-08-2027 | F6: MedCare | G6: =C6*D6 -> 9750 | H6: =IF(C6<50,"Low stock","Normal") -> Normal | P6: =IF(E6<TODAY(),"Expired",IF(E6<=TODAY()+90,"Near Expiry","Safe")) -> Safe | Q6: MedCare | R6: Nagpur | S6: =VLOOKUP(F6,$Q$2:$R$6,2,FALSE) -> Bhilai
A7: Ibuprofen | B7: Painkiller | C7: 65 | D7: 35 | E7: 18-04-2027 | F7: HealthPlus | G7: =C7*D7 -> 2275 | H7: =IF(C7<50,"Low stock","Normal") -> Normal | P7: =IF(E7<TODAY(),"Expired",IF(E7<=TODAY()+90,"Near Expiry","Safe")) -> Safe | S7: =VLOOKUP(F7,$Q$2:$R$6,2,FALSE) -> Durg
A8: Metformin | B8: Diabetes | C8: 95 | D8: 55 | E8: 46722 | F8: ABC Pharma | G8: =C8*D8 -> 5225 | H8: =IF(C8<50,"Low stock","Normal") -> Normal | P8: =IF(E8<TODAY(),"Expired",IF(E8<=TODAY()+90,"Near Expiry","Safe")) -> Safe | S8: =VLOOKUP(F8,$Q$2:$R$6,2,FALSE) -> Raipur
A9: Omeprazole | B9: GI | C9: 40 | D9: 50 | E9: 30-11-2026 | F9: MedCare | G9: =C9*D9 -> 2000 | H9: =IF(C9<50,"Low stock","Normal") -> Low stock | P9: =IF(E9<TODAY(),"Expired",IF(E9<=TODAY()+90,"Near Expiry","Safe")) -> Safe | S9: =VLOOKUP(F9,$Q$2:$R$6,2,FALSE) -> Bhilai
A10: Levocetirizine | B10: Allergy | C10: 75 | D10: 60 | E10: 22-07-2027 | F10: HealthPlus | G10: =C10*D10 -> 4500 | H10: =IF(C10<50,"Low stock","Normal") -> Normal | P10: =IF(E10<TODAY(),"Expired",IF(E10<=TODAY()+90,"Near Expiry","Safe")) -> Safe | S10: =VLOOKUP(F10,$Q$2:$R$6,2,FALSE) -> Durg
A11: Ciprofloxacin | B11: Antibiotic | C11: 25 | D11: 90 | E11: 15-10-2026 | F11: ABC Pharma | G11: =C11*D11 -> 2250 | H11: =IF(C11<50,"Low stock","Normal") -> Low stock | P11: =IF(E11<TODAY(),"Expired",IF(E11<=TODAY()+90,"Near Expiry","Safe")) -> Safe | S11: =VLOOKUP(F11,$Q$2:$R$6,2,FALSE) -> Raipur
A12: Amlodipine | B12: Blood Pressure | C12: 110 | D12: 45 | E12: 28-03-2027 | F12: MedCare | G12: =C12*D12 -> 4950 | H12: =IF(C12<50,"Low stock","Normal") -> Normal | P12: =IF(E12<TODAY(),"Expired",IF(E12<=TODAY()+90,"Near Expiry","Safe")) -> Safe | S12: =VLOOKUP(F12,$Q$2:$R$6,2,FALSE) -> Bhilai
A13: Atorvastatin | B13: Cholesterol | C13: 60 | D13: 75 | E13: 19-09-2027 | F13: HealthPlus | G13: =C13*D13 -> 4500 | H13: =IF(C13<50,"Low stock","Normal") -> Normal | P13: =IF(E13<TODAY(),"Expired",IF(E13<=TODAY()+90,"Near Expiry","Safe")) -> Safe | S13: =VLOOKUP(F13,$Q$2:$R$6,2,FALSE) -> Durg
A14: Diclofenac | B14: Painkiller | C14: 35 | D14: 30 | E14: 46246 | F14: ABC Pharma | G14: =C14*D14 -> 1050 | H14: =IF(C14<50,"Low stock","Normal") -> Low stock | P14: =IF(E14<TODAY(),"Expired",IF(E14<=TODAY()+90,"Near Expiry","Safe")) -> Expired | S14: =VLOOKUP(F14,$Q$2:$R$6,2,FALSE) -> Raipur
A15: Glimepiride | B15: Diabetes | C15: 85 | D15: 70 | E15: 14-05-2027 | F15: MedCare | G15: =C15*D15 -> 5950 | H15: =IF(C15<50,"Low stock","Normal") -> Normal | P15: =IF(E15<TODAY(),"Expired",IF(E15<=TODAY()+90,"Near Expiry","Safe")) -> Safe | S15: =VLOOKUP(F15,$Q$2:$R$6,2,FALSE) -> Bhilai
A16: Montelukast | B16: Allergy | C16: 55 | D16: 95 | E16: 20-01-2027 | F16: HealthPlus | G16: =C16*D16 -> 5225 | H16: =IF(C16<50,"Low stock","Normal") -> Normal | P16: =IF(E16<TODAY(),"Expired",IF(E16<=TODAY()+90,"Near Expiry","Safe")) -> Safe | S16: =VLOOKUP(F16,$Q$2:$R$6,2,FALSE) -> Durg
A17: Doxycycline | B17: Antibiotic | C17: 42 | D17: 105 | E17: 46513 | F17: ABC Pharma | G17: =C17*D17 -> 4410 | H17: =IF(C17<50,"Low stock","Normal") -> Low stock | P17: =IF(E17<TODAY(),"Expired",IF(E17<=TODAY()+90,"Near Expiry","Safe")) -> Safe | S17: =VLOOKUP(F17,$Q$2:$R$6,2,FALSE) -> Raipur
A18: Losartan | B18: Blood Pressure | C18: 70 | D18: 50 | E18: 16-02-2027 | F18: MedCare | G18: =C18*D18 -> 3500 | H18: =IF(C18<50,"Low stock","Normal") -> Normal | P18: =IF(E18<TODAY(),"Expired",IF(E18<=TODAY()+90,"Near Expiry","Safe")) -> Safe | S18: =VLOOKUP(F18,$Q$2:$R$6,2,FALSE) -> Bhilai
A19: Rosuvastatin | B19: Cholesterol | C19: 90 | D19: 80 | E19: 25-10-2027 | F19: HealthPlus | G19: =C19*D19 -> 7200 | H19: =IF(C19<50,"Low stock","Normal") -> Normal | P19: =IF(E19<TODAY(),"Expired",IF(E19<=TODAY()+90,"Near Expiry","Safe")) -> Safe | S19: =VLOOKUP(F19,$Q$2:$R$6,2,FALSE) -> Durg
A20: Ondansetron | B20: GI | C20: 28 | D20: 65 | E20: 46306 | F20: ABC Pharma | G20: =C20*D20 -> 1820 | H20: =IF(C20<50,"Low stock","Normal") -> Low stock | P20: =IF(E20<TODAY(),"Expired",IF(E20<=TODAY()+90,"Near Expiry","Safe")) -> Near Expiry | S20: =VLOOKUP(F20,$Q$2:$R$6,2,FALSE) -> Raipur
A21: Calcium + D3 | B21: Supplement | C21: 130 | D21: 120 | E21: 30-08-2027 | F21: MedCare | G21: =C21*D21 -> 15600 | H21: =IF(C21<50,"Low stock","Normal") -> Normal | P21: =IF(E21<TODAY(),"Expired",IF(E21<=TODAY()+90,"Near Expiry","Safe")) -> Safe | S21: =VLOOKUP(F21,$Q$2:$R$6,2,FALSE) -> Bhilai

Sheet Sheet4
A3: Row Labels | B3: Sum of stock
A4: Allergy | B4: 210
A5: Antibiotic | B5: 142
A6: Blood Pressure | B6: 180
A7: Cholesterol | B7: 150
A8: Diabetes | B8: 180
A9: GI | B9: 218
A10: Painkiller | B10: 220
A11: Supplement | B11: 130
A12: Grand Total | B12: 1430

Sheet Sheet5
A3: Row Labels | B3: Sum of Inventory Value
A4: ABC Pharma | B4: 21055
A5: HealthPlus | B5: 26900
A6: MedCare | B6: 45575
A7: Grand Total | B7: 93530

Sheet Sheet6
A3: Row Labels | B3: Count of Medicine
A4: Low stock | B4: 7
A5: Normal | B5: 13
A6: Grand Total | B6: 20

Sheet Dashboard
A1: PHARMACY INVENTORY DASHBOARD
A3: Total Medicines | C3: Total Stock | E3: Total Inventory Value | G3: Low Stock Medicines | I3: Near Expiry Medicines
A4: =COUNT(Sheet1!C2:C21) -> 20 | C4: =SUM(Sheet1!C2:C21) -> 1430 | E4: =SUM(Sheet1!G2:G21) -> 93530 | G4: =COUNTIF(Sheet1!H2:H21,"Low Stock") -> 7 | I4: =COUNTIF(Sheet1!P2:P21,"Near Expiry") -> 1
A38: KEY FINDINGS :-
A39: 1. Total inventory contain 20 Medicines and 1430 units of stock
A40: 2. 7 Medicines are currently classified as low Stock
A41: 3. Category-wise analysis shows which medicine categories hold the highest stock
A42: 4. Expiry analysis identifies medicines requiring attention before expiry
A44: RECOMMENDATIONS:-
A45: 1. Reorder medicines with Low stock status
A46: 2. Monitor Near Expiry medicines and prioritize their usage
A47: 3. Review supplier-wise inventory value to manage purchasing efficiently
A48: 4. Regularly update stock and expiry data for better inventory control

Sheet PIA Dashboard
A1: Pharmacy Inventory Analysis Dashboard
A3: Project Objective
A4: To analysis pharmacy inventory ,stock levels, inventory value ,suppliers and medicine expiry status using Microsoft Excel.
A6: Tools Used
A7: Microsoft Excel,Pivot Tbales,VLOOKUP,IF,COUNTIF,SUMIF,Conditional Formatting, Charts.
A9: Key Analysis
A10: Inventory Value Analysis
A11: low-stock identification
A12: Expiry-risk analysis
A13: Category-wise stock analysis
A14: Supplier-wise inventory analysis
A15: Interactive-style dashboard
A16: Data Cleaning|Excel Formulas|Pivot Tables|Data Visualization|Dashboard Creation|Basic Data Analysis

Sheet Sheet3

Sheet Sheet7
A3: Row Labels | B3: Count of Medicine
A4: Expired | B4: 2
A5: Near Expiry | B5: 1
A6: Safe | B6: 17
A7: Grand Total | B7: 20
